category,item_name,unit_price
CETAKAN,AMPLOP  BIASA,150000.0
CETAKAN,AMPLOP  KACA BSB,160000.0
CETAKAN,AMPLOP  TANPA KACA BSB,150000.0
CETAKAN,AMPLOP KECIL PRIORITAS,3950.0
CETAKAN,AMPLOP SURAT PRIORITAS,12000.0
CETAKAN,AMPLOP DEPOSITO,5000.0
CETAKAN,MAP BSB PRIORITAS,18000.0
CETAKAN,BAN UANG RP 20.000,150.0
CETAKAN,BAN UANG RP 5.000,150.0
CETAKAN,BAN UANG 1.000,150.0
CETAKAN,BAN UANG 2.000,150.0
CETAKAN,BAN UANG RP 50.000,150.0
CETAKAN,BAN UANG RP 100.000,150.0
CETAKAN,BAN UANG RP 10.000,150.0
CETAKAN,BATCH HEADER PUTIH,8000.0
CETAKAN,BATCH HEADER MERAH,8000.0
CETAKAN,BATCH HEADER BIRU,8000.0
CETAKAN,BATCH HEADER HIJAU,8000.0
CETAKAN,BUKU TABUNGAN SIMPEDA,1370.0
CETAKAN,BUKU TABUNGAN PESIRAH,1390.0
CETAKAN,BUKU TABUNGAN PESIRAH JUNIOR,1390.0
CETAKAN,BUKU TABUNGAN TASBIH,1390.0
CETAKAN,BUKU TABUNGAN ROFIQOH,1390.0
CETAKAN,BUKU TABUNGAN KAFFAH,1980.0
CETAKAN,BUKU TABUNGAN PESIRAH BISNIS,3000.0
CETAKAN,BUKU TABUNGAN KU,990.0
CETAKAN,BUKU TABUNGAN SIMPEL,1390.0
CETAKAN,BUKU KASBON RANGKAP 3,13000.0
CETAKAN,FORM PENGKINIAN DN PERORANGAN,30000.0
CETAKAN,FORM PERMOHONAN FASILITAS REKENING (E-CHANNEL),34500.0
CETAKAN,FORM KEHILANGAN BUKU TABUNGAN,30000.0
CETAKAN,FORM KSG R-2,48000.0
CETAKAN,KCTT FOLIO,2500.0
CETAKAN,FORM KCTT 1/2 F,1500.0
CETAKAN,FORM KCT GIRO,1750.0
CETAKAN,FORM PENUTUPAN REKENING,15000.0
CETAKAN,FORM BENEFICIAL OWNER (BO),30000.0
CETAKAN,FORM DATA NASABAH (KYC),48000.0
CETAKAN,FORM DATA NASABAH JUNIOR,46350.0
CETAKAN,FORM DATA NASABAH SYARIAH,48000.0
CETAKAN,FORM DATA NASABAH PRIORITAS,30000.0
CETAKAN,FORM GIRAN,48125.0
CETAKAN,FORM AGEN LAKU PANDAI,33000.0
CETAKAN,FORM LOG BOOK AGEN PENGADUAN NASABAH,38500.0
CETAKAN,FORM PENGAJUAN KENAIKAN LEVEL,38500.0
CETAKAN,FORM BERITA ACARA SERAH TERIMA,38500.0
CETAKAN,FORM PEMBUKAAN REKENING,38500.0
CETAKAN,FORM PERUBAHAN DATA AGEN,38500.0
CETAKAN,FORM SURVEY KELAYAKAN AGEN,38500.0
CETAKAN,FORM BA PENUTUPAN AGEN,38500.0
CETAKAN,KOP SURAT HAL 1 BABEL,190000.0
CETAKAN,KOP SURAT HAL 2 BABEL,190000.0
CETAKAN,KOP SURAT PRIORITAS,400000.0
CETAKAN,KARTU PEMILIK REKG GIRO,2000.0
CETAKAN,NOTA DEBET,36000.0
CETAKAN,NOTA KREDIT,30000.0
CETAKAN,PENARIKAN TABUNGAN,18000.0
CETAKAN,PERMINTAAN DANA KAS,21000.0
CETAKAN,PERMINTAAN DANA VALAS,21000.0
CETAKAN,SLIP KIRIMAN UANG,31000.0
CETAKAN,PERMOHONAN KSG,48000.0
CETAKAN,SETORAN NON TABUNGAN,25000.0
CETAKAN,SETORAN NON TABUNGAN R5,39500.0
CETAKAN,SETORAN TABUNGAN,21000.0
CETAKAN,SETORAN AWAL BPIH,55000.0
CETAKAN,PELUNASAN BPIH,46000.0
CETAKAN,SLIP PEMBAYARAN STTS R-2,21000.0
CETAKAN,SLIP PEMBAYARAN STTS R.4,40500.0
CETAKAN,SLIP PEMINDAH BUKUAN (OB),31000.0
CETAKAN,SLIP KSG AKTIF R4,48000.0
CETAKAN,SLIP KSG PENSIUN R2,48000.0
CETAKAN,SLIP KSG PRAPENSIUN R5,60000.0
CETAKAN,SPESIMEN GIRO,1000.0
CETAKAN,SPESIMEN TABUNGAN,750.0
CETAKAN,STIKER INVENTARIS,1200.0
CETAKAN,PENJUALAN VALUTA ASING VALAS,31000.0
CETAKAN,PEMBELIAN VALUTA ASING VALAS,31000.0
CETAKAN,REFERENSI BANK,1100000.0
CETAKAN,REKENING KORAN,760000.0
CETAKAN,BLANKO BANK GARANSI,1282000.0
CETAKAN,SERTIFIKAT PESIRAH RADEN,2000.0
CETAKAN,FORM PESIRAH RADEN,30000.0
CETAKAN,PLASTIK PESIRAH RADEN,6000.0
CETAKAN,STIKER BSB F4,10000.0
CETAKAN,BUKU DEKLARASI PENERIMAAN UANG ASKRIDA,16000.0
CETAKAN,STIKER BSB 1/2 F4,5000.0
ATK,AMPLOP COKLAT KWARTO,17000.0
ATK,AMPLOP COKLAT S KABINET,22000.0
ATK,AMPLOP COKLAT FOLIO,36000.0
ATK,AMPLOP A 4 (MAP),47000.0
ATK,OVERLAY/SPECTROLINE,125000.0
ATK,MAP BISNIS FILE,28000.0
ATK,MAP PLASTIK KANCING,26000.0
ATK,MAP PLASTIK TALI,30000.0
ATK,MAP PUTIH DOP,19000.0
ATK,MAP BIOLA KAMBING,40000.0
ATK,MAP SNAILE,68000.0
ATK,MAP SNAILE FOLDERONE,72000.0
ATK,MAP GANTUNG HIJAU,231000.0
ATK,KERTAS TELLSTRUK,55000.0
ATK,BANTEX BOX FILE,525000.0
ATK,PITA PASHBOOK EPSON PLQ 30,350000.0
ATK,CATRIDGE EPSON PLQ 2180,150000.0
ATK,REFILL RIBBON CATRIDGE EPSON,65000.0
ATK,TINTA EPSON 003 BLACK,96300.0
ATK,KERTAS STRUK 58X65,55000.0
ATK,CF 9 1/2 X 11 2 PLY,328650.0
ATK,CF 9 1/2 X 11 1 PLY,230000.0
ATK,CF 9 1/2/X2 X 11/2 1 PLY,350000.0
ATK,SPIDOL SNOWMAN,79000.0
ATK,PENA YOYCO,2000.0
ATK,POST IT JOYCO,16500.0
ATK,KERTAS REGISTER ROLL 58 X 65 PAPERLINE,5000.0
ATK,ORDNER BENEX LABELA927-HITAM,17500.0
ATK,ORDNER BAMBI 1010 ORANGE 1010-94 FLUORO,26000.0
ATK,RIBBON CA TRIDGE LQ-2180,187500.0
ATK,PITA CASIO,10000.0
ATK,STICKY NOTE,7000.0
ATK,LEM STIK,3000.0
ATK,FORM TAB BUKU PESIRAH RADEN,40000.0
ATK,KERTAS A4 COPIER,44000.0
ATK,KERTAS F4 COPIER,49500.0
ATK,MAP 5001 BIOLA,87500.0
ATK,KERTAS SINAR DUNIA F4 70/75 GR,53000.0
ATK,ORDNER BANTEX A5 GLOSSY 1441,25750.0
ATK,KERTAS RECEIPT PRINTER ATM NCR 80*200MM,180000.0
ATK,KERTAS JURNAL PRINTER ATM NCR 80*80 MM,30000.0
ATK,KERTAS RECEIPT PRINTER ATM WINCORE,90000.0
ATK,KERTAS BUFFALO GAND HIJAU,35000.0
ATK,KERTAS BUFFALO GAND PUTIH,35000.0
ATK,RIBBON CATRIDGE PLQ -20,481500.0
ATK,SPIDOL ARTLINE 107 PERMANENT,7000.0
ATK,SPIDOL ARTLINE WHITE BOARD HITAM,8000.0
ATK,BINDER CLIP 155,7500.0
ATK,BINDER CLIP 260,18000.0
ATK,STAPLER DELI 0325,27500.0
ATK,PENGGARIS BESI 5130,30000.0
ATK,GUNTING DELI 6009,12500.0
ATK,ISI STAPLES NO. 10 DELI,2000.0
ATK,KERTAS KADO,9000.0
